frame_index,icon_c0_r0,icon_c0_r1,icon_c0_r2,icon_c1_r0,icon_c1_r1,icon_c1_r2,icon_c2_r0,icon_c2_r1,icon_c2_r2,icon_c3_r0,icon_c3_r1,icon_c3_r2,icon_c4_r0,icon_c4_r1,icon_c4_r2
1,0,0,5,7,7,0,1,1,4,4,6,6,2,0,0
2,0,0,0,6,6,4,1,4,4,2,4,4,0,0,1
3,2,2,2,1,1,7,3,3,3,4,4,6,1,1,2
4,0,0,3,6,4,4,1,1,4,3,0,0,5,5,6
5,5,5,6,0,2,2,3,3,3,3,0,0,2,2,2
6,5,6,6,4,4,4,6,5,5,2,5,5,3,3,3
7,4,4,2,1,1,7,3,3,7,5,7,7,6,6,1
8,2,7,7,7,0,0,3,3,3,1,1,3,5,6,6
9,3,3,0,3,3,3,2,2,2,1,1,1,1,1,1
10,1,1,3,5,5,0,5,5,0,3,3,0,3,3,3
11,0,0,5,5,5,5,5,5,0,6,6,6,2,0,0
12,0,3,3,0,3,3,4,4,4,4,4,4,3,4,4
13,1,1,1,4,4,4,7,0,0,4,6,6,1,2,2
14,5,5,5,2,5,5,1,1,1,6,6,1,0,0,0
15,4,4,4,6,6,6,6,5,5,7,3,3,1,1,1
16,5,5,5,0,2,2,5,5,5,1,1,2,5,5,5
17,2,7,7,7,0,0,3,3,3,6,1,1,1,1,1
18,0,0,5,4,4,4,3,3,7,2,4,4,4,4,3
19,3,3,4,7,7,0,2,2,2,1,3,3,3,3,3
20,3,0,0,0,0,0,3,7,7,4,6,6,2,4,4
21,3,0,0,3,6,6,1,1,4,4,4,4,0,0,0
22,3,3,4,6,6,6,3,3,3,0,1,1,6,6,2
23,5,5,5,6,6,1,4,5,5,3,3,3,3,3,0
24,1,1,1,3,3,3,3,3,7,3,3,3,3,0,0
25,1,1,3,1,5,5,5,0,0,6,6,6,2,0,0
26,4,4,2,3,3,6,2,2,2,0,2,2,3,0,0
27,7,7,7,0,0,2,5,0,0,0,1,1,6,6,1
28,4,4,1,3,6,6,0,2,2,4,4,4,4,4,4
29,2,2,7,0,3,3,7,0,0,3,3,0,0,0,1
30,1,1,1,4,4,4,3,7,7,6,6,0,4,4,6
31,1,3,3,2,2,2,0,0,0,3,5,5,6,1,1
32,4,2,2,5,5,6,2,2,2,3,5,5,0,0,0
33,2,2,2,0,2,2,4,4,4,3,5,5,5,5,5
34,3,3,3,0,2,2,0,0,2,5,5,4,1,1,7
35,3,4,4,4,1,1,4,5,5,0,0,1,4,4,4
36,4,2,2,2,2,2,4,5,5,4,4,6,3,3,3
37,4,4,2,3,6,6,0,0,0,2,2,5,7,3,3
38,6,6,6,2,5,5,2,2,4,0,0,2,2,0,0
39,6,6,4,3,3,6,7,7,7,2,2,5,3,3,3
40,6,6,6,7,7,0,5,5,5,1,1,3,3,4,4
41,7,7,7,2,2,5,3,7,7,5,5,4,7,3,3
42,7,7,0,5,5,5,5,5,0,6,6,0,5,6,6
43,3,3,0,5,6,6,5,1,1,0,1,1,0,5,5
44,3,3,0,2,5,5,0,3,3,5,5,4,7,3,3
45,6,6,6,7,7,7,1,1,4,4,6,6,0,0,1
46,0,0,5,4,4,1,5,0,0,1,1,3,1,7,7
47,7,0,0,3,3,3,4,4,6,3,0,0,6,6,2
48,4,4,2,6,6,1,6,6,6,4,4,4,2,2,4
49,3,4,4,3,3,3,1,1,4,2,4,4,2,0,0
50,0,0,0,3,3,3,2,2,2,1,1,1,6,1,1
51,7,0,0,6,6,1,6,6,6,6,0,0,7,3,3
52,2,2,2,2,2,5,6,5,5,4,4,6,1,1,2
53,3,3,4,4,4,4,1,4,4,1,1,2,0,0,0
54,2,7,7,2,5,5,4,4,6,4,4,4,2,2,4
55,3,3,3,4,4,4,5,5,0,5,4,4,0,1,1
56,4,4,4,7,0,0,5,5,1,3,3,5,3,3,3
57,2,2,2,3,3,3,7,7,7,1,3,3,5,5,5
58,5,5,6,4,4,4,2,2,2,0,2,2,5,5,6
59,7,7,7,7,0,0,4,6,6,2,2,5,2,2,4
60,4,4,2,4,4,4,5,1,1,3,0,0,0,5,5
61,2,2,2,1,7,7,2,2,2,5,7,7,4,4,4
62,1,1,1,0,0,0,5,5,1,1,1,2,1,1,2
63,1,3,3,3,3,3,5,1,1,3,3,5,3,3,3
64,3,0,0,4,1,1,6,6,6,3,0,0,4,4,4
65,1,3,3,4,4,4,1,4,4,5,5,5,2,0,0
66,7,0,0,6,4,4,5,0,0,6,6,0,4,4,4
67,1,1,3,1,5,5,4,5,5,2,2,2,3,3,0
68,1,3,3,4,4,4,5,5,5,3,3,0,6,6,2
69,3,4,4,2,2,5,0,0,0,5,5,5,0,5,5
70,5,5,5,6,4,4,1,1,1,3,5,5,1,1,2
71,2,2,2,7,7,7,4,4,4,1,1,3,5,5,5
72,2,2,7,5,5,0,4,4,4,6,6,0,0,0,0
73,4,2,2,6,6,6,2,2,2,3,3,3,1,1,2
74,3,3,0,2,2,5,0,0,2,4,6,6,1,2,2
75,0,5,5,4,4,1,3,3,3,4,6,6,6,6,2
76,7,0,0,5,0,0,1,1,1,3,5,5,5,5,5
77,2,2,2,7,0,0,3,3,7,4,4,4,2,2,4
78,6,4,4,2,5,5,7,7,7,2,4,4,3,4,4
79,1,3,3,6,6,6,0,0,3,4,6,6,1,1,2
80,3,3,4,2,2,2,0,0,2,0,0,0,2,2,4
81,2,2,2,6,6,4,6,6,6,1,2,2,6,6,2
82,4,1,1,0,3,3,6,6,6,3,3,0,0,0,1
83,2,2,2,2,5,5,1,1,4,7,3,3,4,4,4
84,6,6,6,2,2,2,2,2,2,5,5,5,6,6,1
85,7,7,7,0,2,2,4,5,5,7,7,3,7,3,3
86,1,1,1,6,6,6,5,5,5,3,3,0,4,4,4
87,6,6,4,1,5,5,1,1,4,4,6,6,5,5,5
88,6,6,4,0,0,3,5,0,0,1,1,1,2,0,0
89,3,0,0,6,1,1,7,7,0,0,1,1,6,2,2
90,1,1,3,0,3,3,1,4,4,6,6,1,6,6,2
91,0,5,5,5,0,0,6,6,5,3,0,0,3,0,0
92,0,0,5,0,0,2,0,0,3,4,6,6,1,1,7
93,3,3,3,6,4,4,5,0,0,4,4,4,4,4,4
94,5,5,5,6,4,4,2,2,2,5,7,7,3,3,4
95,1,3,3,2,2,2,6,6,6,0,0,1,6,1,1
96,2,7,7,6,6,4,0,0,3,0,0,0,6,6,6
97,6,4,4,7,7,0,1,1,4,0,0,0,6,6,2
98,2,2,7,2,5,5,2,4,4,4,6,6,5,5,6
99,5,6,6,4,4,4,0,0,3,4,6,6,6,6,1
100,4,2,2,6,4,4,1,1,1,0,0,0,3,3,3
101,4,4,2,0,0,0,2,4,4,6,0,0,3,3,3
102,4,2,2,4,4,4,2,2,2,6,6,0,6,6,2
103,0,0,0,0,0,2,2,2,4,4,4,6,1,1,1
104,7,7,7,7,7,0,7,0,0,3,3,0,5,5,6
105,4,4,2,4,4,4,3,7,7,5,5,5,7,3,3
106,5,5,6,0,2,2,3,3,3,5,5,4,2,4,4
107,2,2,2,7,7,7,2,2,2,2,5,5,2,2,4
108,5,5,6,1,7,7,6,6,5,3,3,5,0,5,5
109,3,3,0,2,2,5,3,3,3,2,2,4,4,4,3
110,7,7,7,6,4,4,1,1,1,2,5,5,1,1,2
111,7,7,7,2,2,5,1,4,4,6,0,0,1,1,7
112,5,5,5,2,2,5,3,3,7,3,3,3,1,1,1
113,4,4,1,6,4,4,1,1,1,6,1,1,2,0,0
114,0,0,0,2,2,2,6,6,6,5,5,5,6,6,6
115,7,7,7,3,3,6,0,0,0,2,4,4,4,4,6
116,4,1,1,0,0,3,3,7,7,3,0,0,3,0,0
117,2,2,7,5,5,6,1,1,1,2,2,2,3,4,4
118,7,7,7,1,7,7,7,7,7,0,0,2,6,6,6
119,3,3,4,0,2,2,1,1,1,3,3,0,5,5,5
120,0,5,5,1,5,5,6,5,5,1,1,3,0,1,1
121,2,2,2,2,2,5,0,0,2,1,1,3,3,4,4
122,4,2,2,7,0,0,6,6,6,4,4,6,3,4,4
123,5,6,6,0,0,2,2,4,4,6,6,6,3,3,3
124,6,4,4,4,4,4,2,2,4,5,5,4,3,3,3
125,3,4,4,4,1,1,1,1,1,7,7,3,2,0,0
126,2,7,7,2,2,2,0,0,2,1,1,2,0,0,1
127,4,1,1,6,6,1,6,6,5,3,5,5,5,5,5
128,0,0,3,4,4,4,6,6,6,4,6,6,3,3,3
129,2,2,2,0,2,2,5,5,5,0,1,1,5,5,5
130,7,7,7,0,2,2,4,4,4,0,0,1,3,0,0
131,2,2,2,4,4,4,5,5,0,0,2,2,4,4,6
132,4,4,2,6,6,1,4,5,5,3,3,3,3,0,0
133,3,3,3,1,7,7,4,5,5,6,6,1,2,2,0
134,5,5,5,5,5,6,3,3,3,6,6,6,3,3,3
135,1,1,1,4,1,1,0,3,3,2,5,5,5,6,6
136,0,0,5,3,6,6,5,5,5,3,3,3,3,3,4
137,1,1,1,1,1,5,3,7,7,5,4,4,3,0,0
138,7,7,0,2,5,5,5,0,0,5,5,5,6,2,2
139,4,4,1,0,3,3,3,3,3,1,1,3,3,3,4
140,2,2,2,0,3,3,0,3,3,5,5,7,0,0,0
141,5,5,6,5,5,0,4,6,6,5,5,5,0,5,5
142,1,3,3,7,7,0,2,2,4,6,6,6,6,1,1
143,5,5,5,4,4,4,5,5,1,4,4,4,0,0,0
144,5,5,6,7,7,0,1,1,4,0,1,1,3,3,3
145,5,5,6,4,1,1,6,6,5,1,1,1,1,2,2
146,0,0,5,1,7,7,0,0,3,6,6,0,2,2,0
147,4,2,2,5,5,0,3,3,3,3,5,5,0,1,1
148,0,0,5,0,3,3,0,0,0,7,3,3,4,4,4
149,7,7,7,5,6,6,0,0,2,6,6,1,1,2,2
150,4,4,4,3,3,3,0,0,0,2,2,4,5,6,6
151,4,4,4,2,5,5,2,2,2,5,5,5,3,3,4
152,0,0,3,5,5,5,0,0,3,7,7,7,2,2,0
153,4,2,2,6,6,6,3,3,3,3,3,3,0,1,1
154,4,4,1,6,6,1,2,2,2,7,7,7,4,4,6
155,2,7,7,0,3,3,0,0,0,6,6,0,1,1,7
156,2,2,2,2,2,5,2,2,2,5,4,4,1,7,7
157,5,5,6,5,5,5,3,3,3,6,6,0,0,1,1
158,3,3,4,1,1,7,2,2,2,7,7,7,4,4,6
159,7,7,7,6,1,1,2,2,4,7,3,3,2,2,4
160,4,4,1,1,1,1,6,6,5,3,0,0,0,0,0
161,5,5,5,3,6,6,2,4,4,0,0,0,0,0,0
162,2,2,2,5,5,5,2,2,2,4,6,6,2,2,4
163,0,5,5,3,3,3,6,6,6,6,6,6,4,4,3
164,6,6,6,5,5,0,1,1,4,1,1,1,6,6,6
165,1,1,1,1,1,5,3,3,3,5,5,7,5,5,6
166,3,3,0,5,0,0,5,0,0,7,7,3,1,1,1
167,6,6,4,0,3,3,7,7,7,4,6,6,5,5,6
168,1,1,1,5,5,0,0,0,2,3,5,5,4,4,4
169,5,5,6,1,1,7,2,2,2,0,0,0,5,6,6
170,6,6,6,7,7,0,3,3,3,5,7,7,5,6,6
171,3,3,3,1,5,5,5,5,0,3,0,0,2,2,0
172,5,5,6,0,2,2,6,6,6,5,5,5,0,5,5
173,0,0,5,2,2,5,3,3,3,4,4,4,2,2,2
174,5,5,5,1,1,7,7,7,7,0,2,2,6,2,2
175,6,6,6,0,0,0,1,1,1,5,5,5,4,4,6
176,2,2,2,3,3,3,5,5,1,2,2,2,4,6,6
177,2,7,7,0,0,3,0,0,0,4,6,6,3,3,3
178,0,0,5,2,5,5,1,1,1,7,7,7,4,4,4
179,4,1,1,6,6,6,6,6,5,3,3,5,0,0,0
180,6,4,4,2,2,2,6,5,5,5,5,7,6,2,2
181,5,5,5,1,1,5,1,1,1,5,4,4,4,4,4
182,3,3,0,1,1,5,4,5,5,2,2,2,6,6,1
183,0,3,3,0,0,0,3,3,3,2,2,5,0,5,5
184,5,5,5,3,3,3,1,4,4,4,4,4,5,5,6
185,0,0,3,6,4,4,5,1,1,6,0,0,7,3,3
186,2,2,7,6,6,4,5,0,0,1,3,3,3,3,3
187,3,0,0,0,2,2,3,3,3,0,2,2,5,5,6
188,3,0,0,3,3,3,4,4,6,6,6,1,0,0,5
189,3,3,4,0,2,2,1,1,1,3,5,5,1,1,2
190,2,7,7,4,1,1,5,5,0,3,3,0,3,4,4
191,4,4,4,7,7,0,1,1,1,2,5,5,1,1,2
192,0,3,3,4,4,4,3,3,3,6,6,0,4,4,4
193,1,3,3,4,1,1,2,2,4,7,7,3,3,3,3
194,3,0,0,4,4,4,1,1,4,6,0,0,0,0,0
195,3,3,0,1,1,7,7,7,0,3,3,3,6,2,2
196,4,4,1,0,2,2,5,5,5,4,4,6,1,7,7
197,6,6,4,3,6,6,5,5,5,6,1,1,0,1,1
198,0,0,5,1,1,5,1,1,1,6,6,0,3,3,3
199,0,0,0,3,3,3,5,5,5,5,7,7,1,2,2
200,2,2,2,0,0,2,3,7,7,0,0,0,7,7,7
201,2,7,7,5,5,5,7,7,7,6,1,1,5,6,6
202,6,6,6,2,2,2,5,5,5,3,3,3,6,2,2
203,2,2,2,1,1,7,4,4,5,2,2,2,7,3,3
204,2,2,2,1,7,7,6,5,5,1,1,2,1,1,1
205,5,6,6,2,2,2,5,5,0,0,2,2,6,6,6
206,2,2,2,1,1,7,6,6,6,2,2,5,3,0,0
207,7,7,0,3,3,6,2,2,4,4,4,4,5,5,6
208,0,3,3,0,0,3,2,2,2,1,1,2,1,1,2
209,2,2,7,6,6,6,0,3,3,5,5,5,4,4,6
210,7,7,0,7,7,0,7,7,7,0,2,2,5,6,6
211,3,4,4,3,3,6,5,0,0,4,4,4,3,3,4
212,6,6,4,6,1,1,4,4,5,3,3,3,6,6,6
213,3,0,0,6,4,4,3,3,3,6,6,6,2,0,0
214,5,5,6,6,6,6,0,0,0,4,6,6,2,2,4
215,4,2,2,4,4,4,0,0,3,4,4,6,6,6,1
216,4,4,2,3,3,6,7,7,0,7,3,3,0,1,1
217,6,6,6,5,5,0,3,3,3,6,0,0,0,0,5
218,3,4,4,6,6,6,3,3,3,0,0,0,0,0,5
219,6,4,4,7,7,0,6,6,6,2,5,5,3,3,3
220,5,5,5,5,5,6,4,6,6,1,1,3,3,3,0
221,7,0,0,1,1,1,4,4,5,3,0,0,1,1,1
222,6,4,4,2,5,5,5,5,0,4,4,6,7,7,3
223,7,0,0,1,1,7,6,6,6,4,4,4,7,7,7
224,1,1,3,1,7,7,4,4,6,7,3,3,1,1,2
225,7,0,0,7,7,0,5,5,5,7,7,3,7,3,3
226,4,1,1,3,3,6,7,7,0,6,6,6,1,1,1
227,4,1,1,7,7,0,3,3,3,4,6,6,1,7,7
228,6,6,6,5,0,0,1,1,4,2,4,4,0,0,1
229,5,5,5,4,1,1,6,6,5,1,2,2,5,5,5
230,4,2,2,0,0,3,3,3,3,1,1,2,3,4,4
231,3,0,0,3,3,3,1,1,1,5,4,4,2,2,4
232,7,7,0,6,1,1,0,0,2,5,7,7,5,5,6
233,3,3,0,4,4,1,1,1,1,3,3,3,1,7,7
234,7,7,7,6,4,4,6,6,6,4,4,6,4,4,4
235,0,0,0,2,2,2,2,4,4,6,0,0,5,5,6
236,0,0,0,1,1,7,0,0,0,7,3,3,0,0,5
237,1,1,1,2,5,5,4,5,5,4,4,4,2,4,4
238,3,3,0,2,2,2,5,0,0,3,3,0,3,3,3
239,1,1,1,0,0,0,3,3,3,1,1,1,2,0,0
240,3,3,0,6,6,4,2,2,2,7,7,3,5,5,5
241,6,4,4,7,7,0,4,4,4,0,0,2,5,5,5
242,4,4,4,0,0,3,1,1,1,5,5,7,0,1,1
243,3,3,0,3,3,6,2,2,2,7,7,7,5,6,6
244,2,2,2,1,5,5,5,5,5,3,3,3,0,0,0
245,4,1,1,6,1,1,1,4,4,3,3,3,3,3,4
246,1,1,3,3,3,3,4,4,6,3,3,5,6,2,2
247,4,1,1,2,2,2,0,0,0,4,4,6,2,4,4
248,7,7,0,7,7,7,5,5,5,3,3,3,5,5,5
249,0,0,5,4,1,1,3,3,3,4,4,4,2,0,0
250,5,5,5,2,2,2,1,1,4,5,5,5,3,3,0
251,0,0,0,7,7,0,2,2,2,0,0,1,0,0,0
252,6,4,4,4,1,1,2,2,4,6,6,0,0,5,5
253,5,6,6,3,3,3,1,1,1,3,3,3,5,5,6
254,6,6,4,3,3,3,5,5,1,5,5,7,0,5,5
255,7,7,0,2,5,5,2,2,2,0,0,1,3,3,3
256,0,3,3,1,1,1,4,6,6,5,5,7,7,3,3
257,3,3,4,3,3,3,2,4,4,3,3,5,6,6,6
258,7,7,0,1,7,7,7,7,7,6,1,1,2,2,0
259,1,1,3,1,1,7,4,4,5,4,4,6,0,0,0
260,6,6,6,1,5,5,2,4,4,6,6,6,3,3,4
261,3,3,3,1,1,5,1,4,4,6,1,1,6,6,2
262,0,5,5,1,1,5,1,4,4,6,6,0,7,7,3
263,0,0,3,1,5,5,6,6,5,6,0,0,1,1,1
264,4,4,1,2,2,2,6,6,5,2,4,4,5,5,5
265,2,7,7,4,4,4,2,4,4,2,5,5,5,5,6
266,0,0,0,3,3,3,5,5,0,6,1,1,4,4,4
267,4,2,2,6,1,1,1,1,1,3,3,3,4,6,6
268,5,6,6,0,3,3,4,4,6,2,5,5,3,4,4
269,4,4,2,2,2,2,1,1,4,3,3,3,3,0,0
270,7,7,7,7,0,0,0,0,3,4,4,4,5,5,6
271,2,2,2,7,0,0,5,1,1,4,4,4,7,7,3
272,7,7,7,5,0,0,5,5,5,1,1,2,4,4,4
273,5,5,5,2,5,5,1,1,1,2,2,4,3,3,3
274,2,2,7,0,0,0,0,0,2,2,5,5,2,2,2
275,2,2,7,6,6,4,0,0,3,4,4,6,4,4,4
276,5,5,6,7,0,0,5,5,1,2,5,5,2,2,0
277,4,4,1,3,3,3,4,6,6,0,0,0,4,4,6
278,4,4,2,1,1,7,6,6,5,1,3,3,0,0,0
279,2,7,7,0,0,0,3,3,7,3,3,3,4,6,6
280,3,3,0,5,5,6,5,5,0,7,3,3,0,0,1
281,0,0,5,5,5,6,2,4,4,2,5,5,4,6,6
282,6,6,6,0,0,2,5,5,5,0,1,1,3,3,3
283,0,0,3,6,1,1,3,3,3,4,4,4,5,5,5
284,5,5,5,3,6,6,5,0,0,4,6,6,6,1,1
285,2,2,7,3,3,3,5,5,5,1,2,2,6,6,2
286,5,6,6,2,2,5,2,2,4,4,4,4,0,5,5
287,7,7,7,3,3,3,4,5,5,7,7,3,7,7,3
288,0,5,5,6,6,6,0,0,0,1,1,3,7,3,3
289,6,6,6,5,0,0,4,5,5,7,3,3,4,4,3
290,2,2,2,5,5,5,0,2,2,1,3,3,2,2,4
291,1,1,1,5,5,6,7,0,0,1,1,2,4,4,6
292,1,1,3,7,0,0,1,1,1,0,2,2,1,7,7
293,2,2,2,3,3,3,6,6,6,2,2,5,1,1,7
294,6,6,4,0,3,3,3,3,7,2,4,4,0,0,0
295,0,5,5,2,2,2,2,2,2,6,6,1,3,3,3
296,7,0,0,2,2,5,4,5,5,2,4,4,5,6,6
297,4,4,1,0,0,0,4,4,4,4,4,6,2,0,0
298,7,7,7,7,0,0,3,7,7,0,1,1,0,1,1
299,7,7,7,2,2,2,3,3,3,3,3,3,4,4,3
300,1,1,1,2,2,2,4,5,5,0,0,0,6,6,2
301,3,3,0,6,1,1,7,7,0,1,3,3,6,6,6
302,5,5,6,6,6,4,2,2,2,6,6,1,6,2,2
303,0,0,5,2,2,2,1,1,1,6,1,1,7,7,3
304,6,4,4,7,7,7,5,5,5,2,4,4,2,2,0
305,7,0,0,1,1,1,4,4,5,5,7,7,1,1,1
306,3,3,4,2,5,5,5,5,5,4,4,4,4,4,4
307,7,0,0,5,6,6,7,0,0,4,6,6,7,7,3
308,4,2,2,5,5,0,1,1,4,1,3,3,3,3,0
309,3,3,3,6,1,1,2,2,2,1,2,2,1,7,7
310,1,1,3,1,1,5,4,4,4,0,0,0,5,5,5
311,4,4,4,2,2,2,3,3,7,5,5,4,0,0,0
312,2,2,2,6,1,1,4,4,4,6,6,1,2,4,4
313,4,4,4,2,5,5,1,1,1,4,6,6,3,4,4
314,2,2,7,5,5,5,0,2,2,4,4,4,0,5,5
315,7,7,0,2,5,5,0,0,0,2,2,4,2,2,4
316,3,4,4,1,7,7,6,6,5,3,0,0,6,6,2
317,5,6,6,5,5,0,1,1,4,6,1,1,6,6,1
318,7,7,7,2,2,5,1,1,1,6,1,1,5,5,5
319,4,1,1,6,6,4,7,7,7,4,6,6,3,3,3
320,6,6,4,6,6,4,6,6,6,6,0,0,3,3,3
321,4,4,1,1,1,7,2,2,2,0,0,2,4,4,3
322,0,3,3,4,4,4,3,3,3,1,1,3,1,1,7
323,1,1,1,5,5,5,1,4,4,3,3,3,0,0,1
324,2,2,2,6,4,4,2,2,2,4,4,4,2,2,0
325,0,5,5,4,4,4,0,0,0,1,3,3,7,7,7
326,6,6,4,1,1,5,0,3,3,0,0,0,0,0,0
327,3,4,4,1,1,5,3,7,7,0,0,0,1,7,7
328,0,0,5,7,0,0,5,0,0,7,7,7,1,7,7
329,0,3,3,6,6,4,4,4,5,4,4,6,2,2,4
330,4,4,1,2,5,5,5,0,0,4,4,4,5,5,5
331,6,6,6,6,6,6,0,0,3,5,5,4,6,6,1
332,7,7,7,2,2,2,3,3,7,3,3,0,0,5,5
333,4,4,4,5,5,0,1,1,1,6,1,1,6,1,1
334,7,7,7,5,5,6,2,2,2,3,3,5,5,5,5
335,3,4,4,5,5,0,4,4,6,1,1,1,1,1,7
336,5,5,6,4,4,1,2,2,2,0,0,2,2,2,4
337,4,2,2,4,4,4,7,7,0,6,6,0,5,6,6
338,4,4,4,6,6,4,1,1,1,0,0,0,2,2,0
339,3,3,0,5,5,0,4,4,6,5,5,4,3,3,0
340,6,6,4,5,0,0,2,2,2,2,2,4,2,2,0
341,2,2,7,5,6,6,3,3,3,6,6,0,4,6,6
342,1,3,3,1,1,1,7,7,7,4,4,6,1,1,2
343,0,0,5,1,1,1,3,3,3,3,3,3,0,0,0
344,1,3,3,6,6,6,2,2,2,5,4,4,1,7,7
345,2,7,7,7,7,7,0,2,2,2,5,5,4,4,4
346,0,5,5,7,0,0,4,4,6,5,5,5,0,1,1
347,5,5,6,2,2,2,4,4,5,6,6,1,3,4,4
348,1,1,3,0,0,0,7,0,0,7,3,3,6,1,1
349,7,7,7,2,2,5,5,1,1,4,4,4,0,0,5
350,0,0,3,2,2,2,6,6,6,2,2,4,2,2,0
351,4,2,2,3,3,6,7,7,0,3,3,0,2,0,0
352,3,3,0,3,6,6,3,3,3,3,3,3,6,6,2
353,2,2,7,0,0,3,1,4,4,1,1,1,2,2,4
354,1,1,1,3,3,3,5,5,0,0,0,2,2,2,2
355,7,7,7,5,5,0,5,5,5,2,4,4,7,7,3
356,5,6,6,1,7,7,4,4,6,0,0,0,6,2,2
357,3,3,3,5,5,5,6,6,6,0,0,2,3,3,0
358,5,5,5,4,4,4,0,0,0,6,6,1,4,6,6
359,1,1,1,6,4,4,3,3,3,5,4,4,6,6,2
360,4,1,1,0,0,2,4,6,6,7,3,3,2,2,2
361,7,7,0,3,3,3,2,2,4,2,2,4,4,6,6
362,5,5,5,5,5,5,0,0,2,7,3,3,7,7,7
363,7,7,7,5,5,0,0,2,2,4,4,6,1,1,1
364,7,7,7,4,1,1,1,1,1,2,2,4,4,4,4
365,1,3,3,1,5,5,6,6,6,2,4,4,1,1,7
366,1,1,3,3,3,3,6,6,5,5,5,7,6,1,1
367,0,0,3,5,5,5,5,5,1,3,3,5,2,2,0
368,4,4,1,1,7,7,3,3,7,1,2,2,1,1,7
369,4,4,2,1,1,7,5,5,5,3,3,3,1,1,7
370,4,4,4,2,2,5,3,3,3,3,3,5,3,3,0
371,0,0,0,0,0,2,4,4,5,0,2,2,1,2,2
372,2,2,7,3,3,3,4,4,6,3,0,0,0,0,0
373,1,1,3,4,1,1,2,2,2,3,3,0,3,3,3
374,1,3,3,5,5,0,1,4,4,0,1,1,4,4,6
375,6,6,6,6,6,4,1,4,4,7,7,7,6,6,2
376,1,1,1,1,1,5,2,4,4,5,4,4,4,4,6
377,3,0,0,7,7,7,7,7,7,2,2,4,3,4,4
378,3,3,4,4,4,4,7,7,0,2,2,2,6,2,2
379,3,3,4,6,6,1,4,4,5,2,4,4,2,2,4
380,7,7,7,4,4,4,1,1,4,1,3,3,0,0,0
381,4,1,1,1,5,5,7,7,7,5,7,7,6,6,1
382,1,3,3,3,3,3,4,6,6,5,5,5,7,7,7
383,4,1,1,5,5,6,3,3,3,4,4,6,5,5,5
384,6,4,4,2,5,5,4,4,6,0,2,2,5,5,6
385,7,7,0,4,4,1,3,3,7,5,5,5,0,0,1
386,5,5,6,7,7,0,3,3,3,6,6,0,3,3,3
387,5,5,5,4,4,4,5,1,1,0,0,2,3,3,4
388,0,3,3,2,2,2,3,7,7,6,6,6,3,4,4
389,7,7,7,6,4,4,7,0,0,7,7,3,2,0,0
390,2,7,7,4,4,4,0,0,3,2,2,4,3,3,3
391,4,2,2,7,0,0,3,7,7,3,5,5,6,6,1
392,0,5,5,7,7,0,6,6,6,3,5,5,0,0,1
393,7,0,0,5,5,0,4,4,4,2,5,5,4,4,4
394,6,6,6,7,0,0,6,5,5,3,3,5,4,3,3
395,2,2,7,1,1,5,5,5,5,2,2,2,0,1,1
396,4,4,1,6,6,1,5,5,0,5,4,4,1,7,7
397,6,4,4,6,6,6,2,2,2,0,0,2,7,3,3
398,7,7,7,2,2,5,6,6,6,1,1,1,6,6,2
399,5,5,5,6,6,1,7,7,7,5,7,7,2,2,0
400,7,7,7,0,2,2,2,4,4,2,2,4,4,4,4
401,7,7,0,7,0,0,6,5,5,4,4,4,0,0,0
402,0,0,0,0,3,3,4,4,5,7,7,3,4,4,4
403,2,2,7,6,6,6,6,6,5,1,1,3,1,2,2
404,4,1,1,0,0,0,6,6,6,4,6,6,6,6,6
405,7,7,0,2,2,2,5,5,5,3,3,0,0,0,1
406,7,7,0,0,3,3,1,1,4,3,3,3,3,3,4
407,0,3,3,6,4,4,1,1,1,4,6,6,0,1,1
408,0,0,0,1,1,5,3,3,3,2,5,5,7,3,3
409,2,7,7,5,5,6,6,6,5,3,3,5,2,0,0
410,5,5,6,6,6,6,2,2,2,1,1,1,6,6,1
411,3,3,3,7,7,7,1,1,4,3,3,3,0,0,1
412,0,0,3,5,0,0,5,5,1,3,3,0,1,7,7
413,4,1,1,0,0,0,2,2,2,2,2,4,4,4,3
414,4,4,2,2,5,5,3,3,3,3,3,3,6,1,1
415,2,2,2,5,5,5,7,0,0,3,3,0,7,7,7
416,2,2,7,6,6,4,5,5,0,7,3,3,2,4,4
417,7,7,0,0,2,2,7,0,0,3,3,3,7,7,7
418,2,2,2,2,2,2,4,4,6,5,5,4,4,6,6
419,7,7,7,2,2,2,0,0,0,6,6,6,0,0,5
420,2,2,7,4,4,1,5,0,0,7,7,3,6,6,1
421,7,7,7,4,4,4,6,6,6,5,5,7,1,2,2
422,0,5,5,0,3,3,1,1,1,5,5,4,2,0,0
423,4,4,1,6,4,4,2,2,2,1,1,3,5,5,5
424,4,1,1,1,5,5,7,0,0,4,4,4,0,0,0
425,4,4,4,2,2,5,7,0,0,2,4,4,0,5,5
426,2,7,7,7,0,0,4,5,5,3,3,3,2,0,0
427,2,7,7,5,5,5,6,6,6,6,6,6,5,5,6
428,1,1,3,2,2,5,0,3,3,2,2,4,6,2,2
429,6,6,4,1,1,1,2,2,2,3,3,3,0,5,5
430,4,4,1,2,5,5,6,6,6,6,6,1,3,3,3
431,5,5,5,1,5,5,5,5,5,1,3,3,7,7,7
432,4,1,1,1,1,7,7,7,7,6,0,0,4,4,4
433,3,4,4,4,4,1,1,1,1,6,6,6,3,3,3
434,3,3,4,3,3,3,3,7,7,3,3,0,6,6,2
435,1,3,3,1,1,1,5,0,0,3,3,0,1,1,7
436,2,2,2,6,6,4,0,0,2,0,0,2,7,3,3
437,5,6,6,2,5,5,0,0,0,6,6,1,3,3,3
438,7,7,7,2,5,5,1,1,4,2,5,5,4,4,4
439,4,4,4,2,2,2,7,7,0,6,6,6,4,6,6
440,0,0,3,0,3,3,3,3,3,6,0,0,4,4,3
441,3,3,3,2,2,2,6,6,6,5,7,7,1,1,1
442,0,0,5,2,2,5,2,2,4,7,3,3,3,3,3
443,3,3,4,5,0,0,3,3,3,3,5,5,5,5,5
444,0,5,5,1,1,5,0,0,2,4,4,6,6,6,1
445,7,7,0,3,3,6,4,4,4,1,1,1,3,3,3
446,1,1,1,0,3,3,1,1,1,7,7,3,4,4,4
447,2,2,2,2,5,5,1,1,1,7,3,3,7,3,3
448,1,3,3,2,2,2,4,4,4,5,4,4,0,5,5
449,6,6,6,4,4,1,0,0,0,0,2,2,0,5,5
450,2,2,2,1,5,5,6,6,6,5,7,7,0,0,0
451,6,6,6,3,6,6,7,0,0,3,0,0,4,4,4
452,3,4,4,5,0,0,3,7,7,2,2,4,6,1,1
453,0,3,3,7,7,0,6,6,6,3,3,5,3,3,0
454,0,0,3,4,4,1,0,0,3,7,7,3,6,2,2
455,3,0,0,5,5,6,2,4,4,3,3,3,3,3,3
456,5,5,5,3,6,6,4,5,5,1,1,2,4,4,4
457,0,0,0,7,0,0,3,3,7,4,4,4,3,4,4
458,0,3,3,4,1,1,2,2,2,5,5,7,6,6,1
459,1,1,3,3,3,3,2,2,2,3,3,3,5,5,6
460,5,5,6,4,4,1,5,0,0,7,3,3,6,6,2
461,6,6,6,0,2,2,1,1,1,6,1,1,6,1,1
462,0,3,3,2,5,5,7,0,0,5,7,7,6,6,6
463,6,6,6,0,2,2,2,2,4,6,0,0,7,7,3
464,7,7,0,5,6,6,5,5,5,6,1,1,2,4,4
465,7,7,7,0,3,3,3,3,7,3,3,3,6,2,2
466,6,6,6,4,4,4,2,2,4,5,5,4,2,2,4
467,7,7,0,3,3,3,5,0,0,5,5,5,2,2,0
468,3,3,0,1,1,1,1,1,1,1,1,1,1,1,7
469,4,1,1,5,5,5,3,3,3,4,6,6,6,2,2
470,0,0,0,5,5,5,7,7,7,3,3,3,1,1,2
471,2,2,2,0,3,3,0,0,0,6,6,6,3,3,3
472,7,0,0,2,5,5,2,2,2,7,7,3,3,3,0
473,6,6,4,4,4,4,3,7,7,1,3,3,2,2,0
474,5,5,5,7,7,7,4,4,5,5,5,7,1,7,7
475,0,0,0,3,3,3,4,6,6,6,1,1,5,5,6
476,4,4,1,2,2,2,5,5,5,6,1,1,0,0,0
477,0,5,5,0,0,0,0,2,2,1,1,2,4,4,3
478,0,0,5,6,6,4,6,5,5,0,0,0,4,4,3
479,2,2,7,1,1,7,4,4,6,4,4,4,3,3,3
480,6,6,6,5,5,0,0,0,3,2,2,5,4,4,3
481,2,2,7,5,0,0,5,5,1,3,3,0,4,4,4
482,6,4,4,3,6,6,0,3,3,3,3,3,5,6,6
483,6,4,4,0,3,3,0,0,0,5,5,5,0,0,1
484,3,3,3,5,5,0,5,5,5,5,5,4,4,4,4
485,0,5,5,7,0,0,6,5,5,3,3,0,6,2,2
486,4,2,2,0,2,2,0,0,2,2,5,5,4,6,6
487,2,7,7,2,2,2,3,3,7,0,0,2,7,7,3
488,1,1,1,4,1,1,1,1,1,3,3,3,7,7,3
489,5,5,6,3,3,6,3,3,7,7,3,3,3,3,0
490,5,5,6,2,2,5,4,4,4,6,6,6,0,1,1
491,2,2,7,6,6,6,6,6,6,1,1,1,7,3,3
492,2,2,7,0,0,2,7,7,7,1,3,3,2,2,4
493,2,2,7,5,5,5,5,0,0,1,2,2,5,5,6
494,2,2,7,3,3,3,4,4,5,1,2,2,0,1,1
495,1,1,1,4,1,1,1,1,1,6,6,6,5,6,6
496,7,0,0,2,2,5,7,0,0,4,4,6,1,1,2
497,2,7,7,1,1,1,6,6,6,2,2,4,4,6,6
498,2,2,2,4,1,1,0,2,2,5,5,5,3,3,0
499,3,4,4,4,4,1,6,6,5,1,1,3,6,6,2
500,0,3,3,6,1,1,7,0,0,4,4,6,3,3,3
501,0,3,3,5,5,6,1,1,1,2,2,2,3,4,4
502,3,0,0,6,6,4,6,5,5,1,2,2,6,6,6
503,4,2,2,4,4,4,5,5,1,0,0,1,3,3,3
504,0,0,0,7,7,7,7,7,0,5,4,4,0,0,0
505,3,0,0,0,0,2,5,1,1,6,1,1,3,3,3
506,3,3,3,4,4,4,2,2,2,5,7,7,0,1,1
507,0,0,0,1,1,5,4,4,4,6,6,1,6,6,1
508,4,1,1,0,0,2,0,2,2,5,7,7,5,5,5
509,4,2,2,1,5,5,5,5,5,5,5,5,4,4,4
510,7,7,7,6,6,6,6,6,6,2,2,4,1,1,2
511,1,1,1,6,6,1,0,0,3,1,2,2,3,3,4
512,1,1,1,7,0,0,0,0,3,1,1,1,3,3,3
513,0,0,3,7,7,7,6,6,6,3,0,0,7,7,3
514,7,0,0,4,4,4,3,3,7,4,4,4,3,0,0
515,0,0,3,0,3,3,1,4,4,6,0,0,5,5,5
516,1,1,1,7,7,7,0,0,3,7,7,7,0,5,5
517,7,7,0,7,0,0,5,1,1,4,4,4,0,0,0
518,0,0,5,3,3,3,6,6,6,0,0,1,6,2,2
519,7,7,7,1,5,5,7,7,7,7,7,3,5,6,6
520,3,3,4,1,1,1,4,4,6,2,2,4,3,3,3
521,1,1,3,2,5,5,2,2,4,1,2,2,5,5,5
522,6,6,6,5,0,0,4,4,6,0,0,0,3,3,4
523,1,1,1,4,4,4,0,2,2,4,4,4,1,1,2
524,5,5,6,3,6,6,2,2,2,5,5,5,4,4,4
525,5,5,6,1,5,5,3,7,7,0,0,2,3,3,3
526,4,1,1,6,6,1,4,5,5,3,3,0,6,6,1
527,1,1,3,1,5,5,2,4,4,2,5,5,6,1,1
528,3,3,4,7,7,7,2,2,4,5,5,5,0,0,0
529,3,3,3,0,0,0,4,4,5,5,7,7,3,3,0
530,5,5,5,2,2,2,0,0,0,5,5,4,4,4,4
531,3,3,3,5,5,5,5,0,0,1,2,2,4,4,6
532,1,1,1,5,0,0,0,0,0,2,2,4,4,4,6
533,6,4,4,0,0,2,3,7,7,1,1,1,3,3,3
534,5,5,5,2,2,2,2,2,2,1,1,2,0,5,5
535,4,4,4,2,2,2,3,3,3,5,5,7,0,0,1
536,7,7,7,5,5,0,5,1,1,5,5,7,1,1,1
537,7,7,0,2,2,2,6,5,5,3,5,5,2,2,0
538,5,5,5,7,7,0,5,1,1,2,4,4,6,6,2
539,3,3,3,2,2,2,4,5,5,5,5,5,6,1,1
540,2,2,7,0,0,0,5,0,0,0,1,1,2,2,4
541,0,0,5,3,3,3,5,5,5,3,3,3,3,3,3
542,2,7,7,5,5,0,0,0,3,4,4,4,2,2,0
543,6,6,4,5,5,6,2,2,4,6,0,0,3,0,0
544,0,0,0,2,2,5,0,0,2,3,5,5,6,1,1
545,4,4,1,6,1,1,7,7,7,4,4,4,4,4,6
546,3,0,0,7,7,7,2,2,2,2,2,5,6,6,2
547,6,6,6,7,7,7,4,6,6,2,2,4,4,3,3
548,0,5,5,5,5,0,5,5,1,3,5,5,5,5,5
549,2,2,2,3,6,6,4,6,6,2,4,4,5,5,6
550,4,4,4,6,6,6,2,2,2,5,5,5,6,6,6
551,4,4,1,7,0,0,4,4,6,1,1,1,4,4,3
552,7,7,0,1,5,5,2,4,4,4,4,6,0,0,1
553,3,3,3,2,2,5,6,6,6,3,3,5,1,7,7
554,2,7,7,6,1,1,5,5,1,7,3,3,6,1,1
555,4,4,4,1,7,7,1,4,4,1,3,3,6,1,1
556,6,4,4,2,2,5,1,1,1,1,3,3,6,6,2
557,0,5,5,5,6,6,3,3,3,5,5,4,5,5,6
558,4,4,4,2,2,2,0,0,2,7,7,3,7,7,3
559,4,4,1,7,0,0,0,0,3,4,4,6,5,6,6
560,4,4,2,2,2,2,7,7,7,5,7,7,7,3,3
561,7,7,7,3,3,3,2,2,2,2,5,5,4,6,6
562,4,4,1,5,5,5,2,2,4,5,5,5,4,6,6
563,0,0,0,1,5,5,3,3,3,5,4,4,3,3,3
564,4,1,1,3,3,3,0,0,0,2,2,2,3,3,0
565,0,0,5,1,1,7,5,5,1,1,3,3,1,1,1
566,5,5,5,0,0,0,5,5,5,3,3,3,4,4,4
567,4,1,1,2,2,2,6,6,6,0,0,0,4,4,6
568,1,1,1,4,4,4,0,2,2,6,6,1,1,2,2
569,4,4,1,5,0,0,0,0,0,0,0,2,5,5,5
570,3,4,4,5,5,0,3,3,7,5,5,5,3,4,4
571,3,4,4,0,0,2,3,3,7,5,5,4,3,3,3
572,1,1,3,2,5,5,6,5,5,3,0,0,3,3,0
573,7,7,0,5,5,6,5,5,1,6,6,1,7,7,3
574,7,0,0,2,2,2,1,1,1,3,3,0,3,3,4
575,4,1,1,0,3,3,5,5,1,5,5,4,3,3,3
576,0,3,3,1,7,7,2,2,4,0,0,0,3,3,0
577,1,1,3,3,3,6,7,7,0,5,5,5,6,6,1
578,0,5,5,6,6,4,3,3,3,2,5,5,2,2,0
579,0,5,5,3,3,6,0,0,3,7,7,3,6,6,2
580,5,5,5,6,6,1,7,0,0,2,4,4,6,6,6
581,3,0,0,3,3,3,6,6,6,4,4,4,2,2,0
582,3,3,0,7,7,7,1,1,4,1,2,2,4,4,4
583,4,2,2,7,7,0,0,2,2,4,6,6,4,4,4
584,4,1,1,7,7,7,5,5,1,1,3,3,4,6,6
585,5,6,6,2,2,2,1,4,4,5,7,7,3,3,0
586,5,5,5,4,4,1,4,4,5,6,6,6,7,3,3
587,4,4,2,6,6,1,0,0,2,4,4,6,6,6,2
588,5,6,6,3,3,6,4,5,5,3,5,5,4,4,4
589,1,1,3,5,5,6,6,6,6,5,7,7,7,7,3
590,2,2,2,2,2,2,6,6,5,6,6,0,1,1,7
591,7,7,0,3,6,6,7,7,7,0,0,0,6,2,2
592,1,3,3,2,2,2,5,5,5,7,7,7,3,3,3
593,4,4,2,3,3,6,3,3,3,0,0,2,7,7,7
594,2,2,2,6,6,4,4,5,5,7,7,7,2,2,2
595,5,6,6,4,4,4,2,2,4,0,2,2,0,0,0
596,6,4,4,7,0,0,6,6,6,1,1,3,6,6,1
597,2,7,7,5,5,6,1,1,1,4,4,4,3,3,0
598,0,3,3,5,5,0,5,5,0,6,6,6,4,4,4
599,4,2,2,6,6,6,4,4,6,3,3,3,0,0,5
600,3,3,4,5,5,5,1,1,4,5,7,7,4,6,6
601,3,3,3,2,2,5,2,4,4,4,4,6,3,4,4
602,6,6,4,4,4,4,6,6,5,5,5,5,0,0,5
603,0,0,3,5,5,6,4,4,4,7,3,3,7,3,3
604,5,6,6,6,6,6,6,5,5,5,5,4,7,7,3
605,7,7,7,0,0,2,1,4,4,2,2,5,0,5,5
606,6,6,6,4,4,4,7,7,7,1,1,3,4,4,4
607,5,6,6,2,2,2,5,5,0,5,5,5,2,4,4
608,3,3,0,6,6,4,5,5,0,5,5,5,0,1,1
609,3,3,4,4,4,1,0,3,3,2,2,2,5,5,5
610,7,7,0,7,7,7,5,1,1,3,3,3,2,4,4
611,1,1,1,0,0,0,5,5,5,0,2,2,3,3,3
612,6,6,6,6,6,1,7,7,7,5,5,5,5,5,5
613,4,4,1,7,0,0,3,3,3,2,2,5,0,0,0
614,4,2,2,6,1,1,4,4,5,2,5,5,7,3,3
615,7,7,7,7,0,0,4,4,6,6,6,0,6,1,1
616,7,7,7,7,7,0,4,5,5,1,3,3,6,1,1
617,2,2,7,2,2,2,4,6,6,0,0,0,0,0,0
618,1,1,3,0,0,2,0,0,0,5,5,5,0,0,5
619,1,1,1,1,1,5,2,2,2,2,4,4,5,5,6
620,4,4,4,1,1,1,2,2,2,2,5,5,6,6,6
621,6,6,6,4,4,4,3,3,3,2,2,5,1,1,2
622,4,4,2,2,2,2,2,4,4,0,0,2,0,0,0
623,0,0,0,6,4,4,2,2,2,5,4,4,5,5,6
624,0,3,3,6,6,1,1,1,1,5,4,4,1,1,1
625,3,0,0,5,5,0,5,5,0,3,3,5,5,5,6
626,2,2,2,3,6,6,5,5,5,5,5,5,4,4,4
627,4,4,1,1,1,1,5,5,5,3,0,0,0,0,0
628,4,4,4,5,6,6,5,5,5,4,4,4,0,0,0
629,5,5,5,0,0,2,2,2,2,4,4,4,4,4,6
630,1,1,1,5,5,6,5,5,5,3,3,3,2,0,0
631,3,4,4,4,4,4,6,6,6,5,5,5,7,3,3
632,0,0,3,4,4,4,5,1,1,2,2,5,2,0,0
633,2,2,2,0,2,2,0,0,3,3,0,0,1,1,2
634,0,3,3,6,6,6,3,3,3,0,0,2,6,6,6
635,0,5,5,5,0,0,3,7,7,6,0,0,4,3,3
636,5,6,6,4,4,1,2,4,4,3,3,5,3,4,4
637,2,7,7,0,0,2,2,2,4,4,4,4,0,0,0
638,1,3,3,2,2,2,4,4,4,4,6,6,0,0,0
639,1,1,3,0,3,3,3,3,7,1,1,2,7,7,7
640,7,7,7,0,0,2,4,4,6,1,3,3,5,5,5
641,5,5,5,4,4,1,1,4,4,3,5,5,2,4,4
642,2,2,2,2,2,2,6,6,6,1,1,1,0,5,5
643,5,5,5,1,1,7,3,3,3,6,0,0,4,6,6
644,3,3,0,4,4,4,2,2,2,2,2,5,0,0,5
645,2,2,2,5,5,5,1,4,4,0,2,2,4,3,3
646,3,4,4,7,0,0,7,0,0,3,3,5,7,7,3
647,5,5,5,3,3,3,0,3,3,3,3,0,4,4,4
648,4,2,2,3,6,6,3,7,7,4,4,6,0,0,0
649,4,4,1,1,7,7,0,0,0,0,0,1,7,7,7
650,4,4,1,0,0,0,2,2,2,2,2,2,4,4,4
651,7,7,7,0,3,3,6,6,6,2,2,4,0,1,1
652,3,4,4,2,2,2,5,5,5,5,5,5,0,0,0
653,3,4,4,7,7,0,2,2,2,0,0,1,6,6,6
654,2,2,7,1,5,5,3,3,3,2,2,2,2,4,4
655,4,4,2,5,0,0,1,4,4,4,6,6,2,4,4
656,3,3,3,0,0,2,0,0,0,2,2,2,7,7,7
657,1,1,1,5,0,0,2,2,2,6,6,0,0,5,5
658,3,0,0,1,1,5,5,1,1,2,2,5,0,5,5
659,2,2,7,7,7,0,3,3,3,4,4,4,1,1,2
660,4,4,4,3,3,3,3,3,7,5,5,5,6,1,1
661,4,4,2,1,1,1,4,4,4,4,6,6,4,4,6
662,0,0,5,1,1,1,2,4,4,7,7,7,3,3,3
663,0,3,3,5,5,5,5,5,5,0,0,0,3,3,3
664,5,6,6,1,1,5,7,0,0,5,5,5,3,4,4
665,4,2,2,1,1,7,0,0,3,3,0,0,4,3,3
666,4,1,1,3,3,3,6,6,5,0,1,1,7,3,3
667,2,2,2,1,1,1,4,5,5,3,3,5,4,4,4
668,1,1,1,0,0,3,4,5,5,1,1,1,5,6,6
669,1,1,3,5,5,0,4,4,4,5,7,7,6,2,2
670,1,3,3,4,4,1,6,5,5,2,5,5,5,6,6
671,4,4,2,4,4,1,1,1,1,0,1,1,5,5,6
672,5,5,6,0,3,3,6,5,5,1,1,2,0,1,1
673,6,6,6,1,7,7,0,2,2,3,3,3,3,4,4
674,7,0,0,6,6,6,2,2,2,6,0,0,3,3,3
675,4,4,1,3,3,3,6,6,6,4,4,6,2,2,2
676,3,0,0,2,2,5,4,6,6,3,3,3,2,2,4
677,6,6,4,3,3,3,7,0,0,2,2,5,7,7,7
678,4,1,1,3,3,6,2,2,2,7,7,7,3,3,3
679,5,5,5,0,0,2,3,3,3,0,0,2,2,2,2
680,6,6,4,5,5,0,0,0,0,2,2,5,5,5,5
681,4,4,2,2,5,5,5,5,5,5,5,7,1,2,2
682,1,3,3,5,0,0,3,3,3,6,0,0,3,3,4
683,4,1,1,4,4,4,5,1,1,1,3,3,2,4,4
684,7,7,7,1,1,7,6,6,6,3,3,3,2,0,0
685,1,3,3,6,4,4,2,2,2,7,7,3,4,4,6
686,3,3,4,1,7,7,0,2,2,3,3,5,2,2,4
687,1,3,3,3,3,3,4,4,5,0,0,0,2,2,2
688,7,7,7,0,0,0,3,3,3,7,7,3,1,1,2
689,2,2,2,7,7,0,3,3,3,4,4,6,0,0,0
690,1,1,1,6,4,4,2,2,2,6,6,6,0,0,1
691,0,0,5,1,7,7,2,2,2,4,4,4,6,6,6
692,3,4,4,2,2,2,4,5,5,4,4,4,4,4,4
693,0,5,5,5,5,0,2,4,4,3,3,3,4,4,4
694,4,4,2,0,0,3,5,5,5,7,7,7,3,3,3
695,0,3,3,2,5,5,5,5,5,3,3,3,6,2,2
696,7,0,0,2,5,5,7,0,0,7,7,3,4,4,3
697,0,0,3,4,4,4,7,7,7,3,3,3,7,7,3
698,1,3,3,2,2,5,5,1,1,2,2,5,1,1,2
699,7,7,7,3,3,6,5,5,1,3,3,0,7,7,7
700,0,0,5,1,1,1,1,4,4,5,5,7,4,3,3
701,1,1,3,6,4,4,7,7,0,4,6,6,4,4,4
702,5,6,6,0,2,2,0,0,0,3,3,3,6,6,2
703,7,7,0,1,1,1,1,1,1,3,5,5,3,4,4
704,7,7,7,3,3,3,4,4,5,4,4,4,5,5,5
705,0,0,0,4,1,1,5,5,1,6,6,0,5,6,6
706,0,0,0,2,5,5,6,5,5,0,0,0,7,7,3
707,3,0,0,2,2,2,6,6,6,3,3,3,1,1,2
708,1,1,3,1,7,7,1,1,1,0,0,0,7,7,7
709,2,2,2,4,4,4,6,6,5,0,0,2,5,5,6
710,7,0,0,3,3,6,3,7,7,5,4,4,3,3,3
711,0,5,5,7,7,7,6,6,6,5,7,7,3,3,3
712,3,0,0,6,6,1,2,2,2,5,5,7,3,0,0
713,3,3,3,3,3,6,4,5,5,7,7,3,1,1,1
714,6,6,6,5,0,0,6,6,6,6,1,1,0,5,5
715,5,6,6,2,2,2,1,4,4,1,1,3,4,6,6
716,5,5,5,6,6,1,2,2,2,4,4,4,4,4,4
717,6,6,6,5,6,6,3,3,7,5,5,5,6,1,1
718,5,5,5,5,5,0,1,4,4,1,1,2,5,5,5
719,6,6,4,5,5,5,1,4,4,5,5,7,3,3,3
720,4,4,4,0,0,0,1,1,4,2,2,4,6,1,1
721,0,0,0,2,2,2,5,0,0,2,5,5,7,7,3
722,1,1,1,1,7,7,1,4,4,5,5,4,7,7,3
723,2,2,2,3,3,3,5,5,5,2,2,4,2,2,2
724,4,4,2,7,7,0,2,2,2,4,4,4,4,6,6
725,2,2,2,6,4,4,5,5,0,3,0,0,6,6,6
726,3,3,0,7,7,0,4,5,5,0,0,0,3,3,3
727,2,2,2,4,1,1,5,0,0,4,4,4,4,4,3
728,1,1,3,4,4,4,7,7,0,2,2,4,4,3,3
729,0,0,5,2,2,5,6,5,5,5,5,7,4,4,3
730,5,6,6,1,7,7,7,7,0,7,7,3,5,5,6
731,6,6,6,6,6,6,2,2,4,6,6,1,4,6,6
732,4,1,1,1,7,7,0,0,3,1,1,3,0,0,0
733,5,5,6,5,0,0,0,0,0,2,2,4,5,5,6
734,1,3,3,5,6,6,2,2,2,6,1,1,4,4,6
735,0,5,5,0,2,2,6,6,5,6,6,0,6,6,6
736,1,3,3,2,5,5,0,0,0,4,4,6,1,2,2
737,0,5,5,6,6,1,5,5,5,5,5,5,0,0,5
738,4,4,2,5,6,6,0,0,0,6,1,1,0,5,5
739,5,5,5,2,2,2,2,2,2,0,0,2,2,2,0
740,3,3,0,0,0,3,3,3,3,6,6,1,4,3,3
741,3,3,0,7,0,0,3,3,3,5,5,5,4,4,3
742,6,6,6,1,1,5,4,6,6,5,5,5,1,1,1
743,4,4,2,6,6,6,0,2,2,1,3,3,7,7,7
744,2,2,2,3,3,3,3,3,3,6,6,6,4,4,4
745,3,3,4,5,6,6,0,0,0,3,3,3,0,0,0
746,1,1,1,4,4,1,0,3,3,1,2,2,6,6,2
747,2,2,7,5,0,0,7,7,7,5,7,7,1,1,2
748,5,5,6,5,0,0,4,4,5,5,5,5,2,4,4
749,6,4,4,4,1,1,5,5,5,0,0,2,5,5,6
750,5,5,6,0,0,2,5,5,5,0,0,0,4,6,6
751,4,4,1,4,1,1,4,4,4,6,6,6,6,2,2
752,2,7,7,0,0,3,1,1,1,5,5,7,2,2,4
753,4,4,1,3,3,3,5,5,5,1,1,2,0,0,0
754,5,5,5,7,7,7,0,2,2,3,3,0,2,2,4
755,6,6,6,2,2,5,4,5,5,0,0,2,0,1,1
756,4,4,4,6,6,6,7,0,0,3,3,0,0,0,0
757,6,6,4,7,0,0,4,4,4,6,6,0,6,1,1
758,3,3,4,2,5,5,3,7,7,3,3,3,2,4,4
759,5,6,6,2,2,2,2,2,2,2,2,5,0,0,1
760,1,1,1,5,5,0,3,3,3,0,0,1,0,0,0
761,0,0,5,5,5,0,1,1,1,7,7,7,1,1,2
762,0,0,5,3,6,6,3,3,3,6,0,0,6,6,1
763,4,2,2,6,6,6,0,0,0,1,3,3,1,1,2
764,3,4,4,7,7,7,4,4,5,0,0,1,6,6,1
765,0,0,3,7,7,0,1,1,1,5,5,7,2,2,0
766,5,5,6,3,6,6,5,1,1,4,4,4,3,3,3
767,5,5,5,3,3,3,0,0,0,0,0,0,1,1,7
768,3,3,3,6,1,1,1,1,4,2,5,5,5,6,6
769,1,1,1,0,0,3,3,3,7,4,4,6,3,3,0
770,0,0,5,4,4,4,4,5,5,5,5,5,3,3,3
771,2,2,2,1,5,5,3,3,3,2,2,5,4,3,3
772,1,1,3,4,4,4,5,1,1,3,3,5,6,6,1
773,2,7,7,5,5,5,5,1,1,3,3,3,3,3,3
774,3,3,4,2,2,2,5,0,0,7,3,3,0,5,5
775,3,3,4,0,2,2,0,0,3,3,3,3,4,6,6
776,2,2,7,4,4,4,6,6,6,1,3,3,0,1,1
777,7,7,7,3,3,3,0,0,0,6,1,1,0,0,5
778,0,0,0,5,6,6,4,4,6,4,4,4,2,2,2
779,2,2,2,0,0,2,5,5,5,1,2,2,1,7,7
780,5,5,5,5,0,0,0,0,3,3,3,5,3,4,4
781,7,7,0,4,4,1,1,1,4,0,0,0,4,4,6
782,0,5,5,4,1,1,0,3,3,1,2,2,2,0,0
783,4,4,4,4,4,1,2,2,2,5,5,5,1,2,2
784,4,4,2,0,2,2,0,0,2,6,6,1,4,4,6
785,1,1,3,2,2,2,2,2,4,4,6,6,6,1,1
786,5,6,6,0,2,2,2,4,4,3,3,3,4,4,4
787,1,3,3,3,3,6,4,6,6,1,1,1,4,4,4
788,1,3,3,0,0,3,1,1,1,3,0,0,4,4,6
789,0,3,3,3,3,3,0,0,2,7,7,3,0,1,1
790,0,0,3,0,0,2,2,2,2,1,1,1,5,5,5
791,6,6,6,4,1,1,2,2,2,4,4,4,2,2,0
792,1,1,1,0,0,0,6,6,6,7,3,3,6,2,2
793,0,0,5,2,5,5,4,4,4,2,2,5,2,0,0
794,3,3,4,0,0,3,0,0,0,7,3,3,0,5,5
795,3,0,0,7,7,0,5,5,5,2,2,2,2,0,0
796,7,7,7,4,4,4,0,0,3,2,5,5,5,6,6
797,7,0,0,7,0,0,6,6,6,4,4,4,0,5,5
798,6,6,6,6,6,4,5,1,1,2,2,2,0,0,0
799,5,6,6,4,4,4,3,3,3,3,3,3,7,7,3
800,6,6,6,4,4,1,1,1,4,5,4,4,6,1,1
801,7,7,7,5,5,0,7,7,0,5,5,5,2,0,0
802,4,4,2,5,5,5,2,2,2,3,3,3,1,1,1
803,5,5,5,6,6,4,4,4,4,0,2,2,0,0,5
804,3,3,3,2,2,2,4,4,4,2,4,4,2,2,4
805,5,5,5,0,0,0,2,2,2,4,4,4,1,7,7
806,3,3,4,6,1,1,6,6,6,4,4,4,1,1,7
807,7,0,0,0,0,2,1,4,4,3,3,5,3,3,3
808,6,4,4,6,4,4,6,6,5,5,5,5,1,1,2
809,3,0,0,1,1,5,4,4,4,6,0,0,7,7,7
810,0,5,5,0,2,2,0,0,3,4,4,4,3,0,0
811,5,5,5,5,5,6,0,2,2,3,3,0,4,4,4
812,1,1,1,5,5,0,3,3,7,4,6,6,1,7,7
813,6,4,4,3,3,3,6,6,6,4,4,4,3,3,3
814,0,0,0,6,6,4,1,1,1,0,2,2,6,6,1
815,3,3,0,2,5,5,4,4,5,1,2,2,0,1,1
816,3,0,0,7,7,0,5,5,1,6,6,6,4,4,4
817,3,4,4,6,4,4,5,5,1,2,2,2,6,6,1
818,1,3,3,1,1,1,0,0,3,3,3,3,6,2,2
819,4,2,2,1,1,1,2,2,2,5,5,5,6,1,1
820,6,6,4,0,2,2,5,5,1,1,1,2,3,3,3
821,1,1,3,3,6,6,4,5,5,2,4,4,4,4,3
822,4,1,1,1,7,7,4,5,5,3,0,0,2,4,4
823,1,1,3,5,5,0,5,5,5,1,3,3,0,0,0
824,3,0,0,0,3,3,5,5,1,2,2,5,7,3,3
825,7,7,7,4,4,4,1,1,1,0,2,2,7,3,3
826,5,6,6,3,3,3,1,4,4,0,0,0,4,4,4
827,7,7,7,5,5,6,3,7,7,1,1,3,7,7,3
828,7,7,7,4,4,4,6,6,6,3,3,5,1,1,1
829,4,4,2,6,6,1,1,1,1,5,5,5,4,4,4
830,0,3,3,3,3,3,6,6,6,7,7,7,5,5,5
831,4,2,2,1,1,5,0,0,0,1,3,3,3,3,3
832,3,3,0,7,7,7,2,2,2,4,6,6,4,6,6
833,0,0,5,1,1,1,6,6,5,2,2,4,4,3,3
834,4,2,2,7,7,7,6,6,6,0,0,2,0,0,0
835,4,4,4,4,4,1,0,0,2,3,3,3,6,2,2
836,5,5,5,6,6,6,4,6,6,3,3,0,0,0,1
837,4,2,2,1,1,5,3,7,7,2,2,2,2,2,0
838,1,1,1,3,6,6,1,1,4,1,1,1,4,4,3
839,6,6,4,1,5,5,7,7,0,3,3,3,1,7,7
840,1,1,3,5,5,5,5,5,5,5,5,5,0,0,5
841,0,3,3,1,5,5,3,3,3,3,3,0,5,5,6
842,5,5,5,0,0,2,5,1,1,3,3,3,7,7,3
843,7,7,7,4,4,4,2,2,2,0,0,0,3,4,4
844,6,6,6,2,2,2,0,3,3,4,4,6,0,0,0
845,7,7,7,2,2,5,3,3,3,7,7,7,5,5,6
846,3,4,4,0,3,3,0,0,2,4,4,4,4,4,3
847,2,2,2,5,5,0,5,0,0,1,1,3,4,4,4
848,7,7,7,1,1,5,0,0,0,2,2,4,0,5,5
849,1,1,1,0,0,2,7,0,0,4,6,6,5,5,6
850,3,3,4,5,5,6,5,5,5,0,0,2,3,3,3
851,0,5,5,1,5,5,3,3,3,4,6,6,1,7,7
852,3,3,0,0,0,0,3,3,3,2,4,4,1,1,7
853,1,1,1,1,1,1,4,4,4,0,0,0,3,3,0
854,4,4,1,5,5,0,0,2,2,3,5,5,2,4,4
855,6,4,4,3,3,3,2,2,2,3,3,5,7,7,3
856,7,7,0,5,5,0,2,2,2,3,5,5,2,2,2
857,3,3,4,0,0,2,5,5,0,3,3,5,4,4,4
858,0,0,0,4,4,4,0,0,2,6,6,0,1,2,2
859,7,7,7,5,0,0,4,4,5,7,7,3,3,3,3
860,3,0,0,0,0,3,3,3,3,1,1,1,0,5,5
861,3,3,0,5,5,0,7,7,0,0,2,2,0,0,0
862,3,3,0,4,4,4,7,7,7,2,2,2,2,0,0
863,2,7,7,5,5,6,2,2,2,3,3,5,5,5,5
864,7,7,7,0,0,2,5,1,1,6,6,6,5,5,5
865,4,4,1,2,2,2,5,1,1,5,4,4,1,1,2
866,1,1,3,1,1,7,7,7,0,5,5,5,4,4,6
867,4,1,1,0,0,2,6,5,5,5,5,5,6,1,1
868,0,5,5,0,2,2,5,5,5,3,3,5,1,1,7
869,5,6,6,0,3,3,7,7,0,3,5,5,1,1,1
870,4,2,2,1,7,7,5,5,5,0,0,2,3,3,0
871,6,6,6,7,7,7,4,6,6,4,4,4,4,4,4
872,0,3,3,5,5,6,3,3,3,6,6,6,3,3,0
873,3,3,3,4,4,1,6,6,6,0,1,1,4,4,4
874,2,2,7,3,3,3,5,0,0,4,6,6,5,6,6
875,6,6,6,1,1,1,0,0,0,4,4,6,0,0,0
876,0,3,3,3,3,3,0,0,2,4,4,4,4,4,6
877,4,4,4,6,6,6,4,5,5,7,7,3,0,1,1
878,7,7,7,3,6,6,1,4,4,1,1,3,1,1,2
879,1,1,1,1,1,1,3,3,3,1,1,3,6,1,1
880,5,5,5,1,5,5,6,5,5,6,6,1,3,3,3
881,2,2,7,7,7,0,6,6,5,4,6,6,4,4,4
882,1,1,1,1,1,5,4,4,4,5,7,7,0,5,5
883,5,5,5,5,6,6,6,5,5,3,3,3,1,1,7
884,5,6,6,5,5,5,3,7,7,0,0,1,0,0,0
885,5,5,6,5,5,5,3,7,7,1,2,2,0,5,5
886,6,6,6,4,4,4,7,0,0,4,4,4,1,1,7
887,2,2,7,6,6,1,4,4,4,0,0,1,7,7,7
888,3,3,0,6,6,6,3,3,7,0,0,0,5,6,6
889,1,1,1,1,1,5,1,4,4,7,3,3,2,2,0
890,1,1,1,6,6,1,6,6,5,3,3,3,2,0,0
891,2,7,7,7,7,0,7,7,0,6,0,0,3,3,3
892,7,7,7,0,3,3,2,4,4,1,3,3,2,2,2
893,6,6,6,2,5,5,2,2,2,3,0,0,0,0,1
894,4,4,2,2,2,5,6,6,6,0,0,1,2,2,2
895,2,2,2,0,0,3,1,1,4,0,0,0,3,0,0
896,1,1,1,2,2,5,5,5,1,5,5,5,3,3,4
897,0,0,5,1,1,5,7,7,0,5,4,4,2,0,0
898,1,1,1,6,6,6,1,1,4,3,3,3,4,6,6
899,4,4,2,1,1,7,7,0,0,2,5,5,2,2,4
900,4,2,2,1,1,5,0,0,0,1,3,3,6,2,2
901,3,0,0,3,6,6,5,5,5,5,5,7,4,3,3
902,4,1,1,1,1,7,5,5,1,6,6,1,4,4,4
903,6,4,4,5,5,0,4,4,6,3,3,5,6,6,1
904,3,3,3,4,4,1,3,3,7,0,0,0,3,3,0
905,4,1,1,6,1,1,4,4,5,3,3,3,3,4,4
906,2,2,7,4,4,4,2,2,4,6,6,6,0,0,5
907,6,6,6,2,2,5,6,6,6,1,3,3,1,2,2
908,0,0,3,1,5,5,1,4,4,1,3,3,3,3,4
909,5,6,6,0,3,3,4,4,4,6,6,6,2,2,2
910,1,1,3,7,0,0,1,1,1,3,3,3,0,1,1
911,7,0,0,5,0,0,7,7,7,3,3,3,5,5,5
912,5,5,5,2,2,2,3,3,3,0,0,0,3,3,4
913,3,3,4,6,4,4,2,2,2,6,6,6,3,0,0
914,5,6,6,5,0,0,2,2,2,3,3,3,5,6,6
915,0,0,0,4,4,4,1,4,4,2,2,5,7,7,7
916,0,3,3,3,3,3,3,3,3,7,3,3,4,4,4
917,4,2,2,3,3,6,3,3,3,4,4,4,6,6,6
918,0,5,5,7,0,0,4,6,6,7,3,3,6,2,2
919,0,0,0,3,3,3,5,5,1,5,5,4,5,5,5
920,5,6,6,0,0,0,4,5,5,3,3,0,2,4,4
921,7,7,7,2,5,5,5,1,1,3,0,0,2,2,0
922,3,3,0,6,1,1,3,7,7,5,4,4,3,0,0
923,7,0,0,6,6,1,1,1,1,3,3,3,1,2,2
924,4,4,4,2,2,2,0,0,0,5,7,7,4,4,4
925,0,5,5,4,4,1,7,7,7,5,5,4,6,6,1
926,7,7,7,6,6,6,6,6,5,3,5,5,6,6,2
927,6,6,6,4,1,1,3,3,3,1,1,1,2,0,0
928,5,5,5,3,3,3,0,0,3,3,3,0,7,7,3
929,5,5,5,6,1,1,4,4,6,0,0,0,3,3,3
930,6,6,6,5,5,0,0,0,0,1,1,2,5,5,6
931,5,5,5,3,6,6,5,0,0,2,2,5,3,0,0
932,1,1,3,2,2,5,5,5,5,4,6,6,2,2,2
933,4,4,4,1,7,7,1,1,4,1,3,3,4,6,6
934,4,4,4,6,1,1,7,7,7,0,0,2,3,3,3
935,6,6,6,1,5,5,1,1,1,3,3,3,0,5,5
936,2,2,2,7,7,7,3,3,3,7,7,3,5,5,5
937,6,4,4,2,2,2,4,5,5,2,2,4,0,0,1
938,1,1,3,2,2,2,7,7,0,0,0,0,4,4,6
939,6,4,4,6,6,4,5,5,5,2,2,4,0,0,0
940,2,2,2,6,6,4,1,4,4,3,3,3,3,0,0
941,1,1,3,4,4,4,5,0,0,3,3,3,1,1,2
942,4,4,4,1,1,1,1,1,4,6,6,6,4,4,3
943,4,4,1,7,0,0,7,0,0,6,1,1,3,3,4
944,1,3,3,2,2,2,4,5,5,6,6,1,4,4,4
945,0,0,0,4,4,4,6,6,6,6,6,6,2,0,0
946,2,7,7,1,1,1,5,0,0,0,0,1,3,0,0
947,0,0,0,5,0,0,5,5,5,4,6,6,4,4,6
948,4,1,1,0,2,2,3,3,7,7,7,3,4,4,6
949,7,0,0,2,2,5,7,7,0,0,1,1,3,3,0
950,7,7,7,1,1,7,3,3,7,0,1,1,4,6,6
951,1,1,3,2,2,2,0,0,2,2,2,4,4,4,6
952,4,1,1,5,6,6,1,1,1,6,1,1,0,0,0
953,2,7,7,0,2,2,0,3,3,5,7,7,1,1,1
954,2,2,2,1,7,7,3,7,7,1,2,2,5,5,5
955,7,7,0,3,3,3,5,5,5,4,4,6,6,6,6
956,7,7,7,7,7,7,4,4,6,0,0,0,7,7,3
957,6,6,6,0,0,2,3,7,7,0,0,0,3,3,4
958,3,3,4,2,2,2,3,7,7,5,7,7,5,5,5
959,2,7,7,3,6,6,6,6,6,6,1,1,4,4,4
960,5,5,5,3,3,6,4,5,5,3,5,5,2,2,2
961,2,7,7,6,6,4,3,7,7,4,4,6,7,7,7
962,6,6,4,1,1,5,3,3,3,4,6,6,3,0,0
963,5,5,6,3,6,6,6,6,6,1,1,3,2,4,4
964,1,3,3,5,0,0,5,5,5,4,4,4,6,2,2
965,4,4,1,2,2,2,1,4,4,0,1,1,6,6,6
966,2,2,7,1,1,1,0,0,0,2,2,5,4,4,4
967,0,3,3,7,7,7,6,6,6,2,2,4,0,5,5
968,5,5,5,2,2,2,6,6,6,6,0,0,2,2,0
969,3,3,4,5,5,0,1,1,1,4,4,6,7,3,3
970,0,0,3,5,5,0,5,0,0,0,0,0,4,4,3
971,7,7,0,6,6,4,3,7,7,4,4,4,1,1,1
972,4,2,2,0,2,2,3,3,7,4,4,6,0,0,5
973,6,4,4,6,1,1,0,0,0,6,6,6,3,3,3
974,5,6,6,4,4,4,3,3,7,2,5,5,4,6,6
975,6,6,4,2,5,5,3,7,7,6,6,6,6,6,2
976,1,1,1,6,6,4,6,6,6,6,6,0,5,5,5
977,3,4,4,0,3,3,2,4,4,2,5,5,4,6,6
978,0,0,3,1,1,5,2,2,2,7,3,3,7,7,7
979,2,2,7,0,2,2,4,4,4,4,4,6,6,6,2
980,2,2,2,6,6,6,2,2,2,1,3,3,6,1,1
981,5,5,5,0,3,3,0,0,2,5,4,4,4,3,3
982,4,4,4,3,3,3,5,5,0,3,3,0,0,1,1
983,1,1,1,0,0,0,4,4,4,0,1,1,4,4,3
984,3,0,0,0,3,3,4,6,6,7,7,7,7,7,7
985,3,3,3,4,4,4,4,4,4,0,0,2,0,1,1
986,4,1,1,3,3,3,0,0,3,0,0,2,2,4,4
987,6,6,6,7,0,0,0,0,3,6,1,1,4,4,4
988,3,3,0,5,5,0,3,3,3,6,6,6,5,6,6
989,1,3,3,7,7,0,2,2,2,1,1,1,6,1,1
990,0,0,3,0,0,0,6,6,5,1,3,3,2,2,2
991,5,5,5,0,0,3,1,4,4,4,4,4,5,5,6
992,7,7,7,0,2,2,1,1,1,2,2,5,0,1,1
993,3,3,4,1,1,7,0,0,0,7,7,3,6,1,1
994,5,6,6,7,0,0,2,2,2,6,1,1,3,3,4
995,3,4,4,7,7,7,1,1,4,5,5,7,2,2,4
996,3,3,3,1,1,1,0,0,0,5,5,7,1,7,7
997,2,2,2,5,6,6,2,2,2,6,6,6,1,1,1
998,5,6,6,0,0,3,4,4,4,5,5,4,3,3,3
999,1,1,3,5,5,6,3,3,3,3,5,5,7,7,7
1000,3,4,4,4,4,4,7,0,0,4,4,6,2,0,0
1001,6,6,4,3,3,3,4,4,5,0,0,0,5,5,6
1002,4,4,1,2,2,5,3,7,7,2,5,5,4,4,3
